{
  "centroid": [
    1.8968731143519815e-06,
    -0.17036161482636358,
    1.0329006854488794,
    0.09799281416257624,
    0.0005764273701507321,
    0.0021411212223048375,
    0.0004147195972336725,
    0.5000017201845609,
    -0.8623264428889842,
    0.182954807589786,
    0.02552166501910031,
    0.005136999618570852,
    -0.002155717165983919,
    -0.0002633228966627122,
    0.5,
    3.116180921991782e-08,
    8.983791361380466e-07,
    9.22781376545689e-08,
    -4.033560320297183e-08,
    1.32216531324824e-09,
    1.344609104131757e-10,
    0.0,
    0.0,
    0.0,
    0.0,
    0.0,
    0.0,
    0.0,
    0.0,
    0.0,
    0.0,
    0.0,
    0.0,
    0.0,
    0.0,
    0.0,
    0.0,
    0.0,
    0.0,
    0.0,
    0.0,
    0.0,
    0.0,
    0.0,
    0.0,
    0.0,
    0.0,
    0.0,
    0.0,
    0.0,
    0.0,
    0.0,
    0.0,
    0.0,
    0.0,
    0.0,
    0.0,
    0.0,
    0.0,
    0.0,
    0.0,
    0.0,
    0.0,
    0.0,
    0.0,
    0.0,
    0.0,
    0.0,
    0.0,
    0.0,
    0.0,
    0.0,
    0.0,
    0.0,
    0.0,
    0.0,
    0.0,
    0.0,
    0.0,
    0.0,
    0.0,
    0.0,
    0.0,
    0.0,
    0.0,
    0.0,
    0.0,
    0.0,
    0.0,
    0.0,
    0.0,
    0.0,
    0.0,
    0.0,
    0.0,
    0.0,
    0.0,
    0.0,
    0.0,
    0.0,
    0.0,
    0.0,
    0.0,
    0.0,
    0.0,
    0.0,
    0.0,
    0.0,
    0.0,
    0.0,
    0.0,
    0.0
  ],
  "variance": [
    1.0000106634549007e-06,
    2.9060671247143484,
    1.5322050139395327,
    0.022143126149995744,
    0.0001756200582249239,
    5.655627229744352e-05,
    1.3059641138115033e-06,
    0.24999927982431147,
    2.2005538009582803,
    0.43724803236027937,
    0.006250977643484216,
    0.00011467358101609331,
    1.1920557505523608e-05,
    1.1694897970958305e-06,
    0.250001,
    1.0000000016228486e-06,
    1.0000024368609085e-06,
    1.0000000256100337e-06,
    1.0000000048827862e-06,
    1.0000000000050578e-06,
    1.0000000000000535e-06,
    1e-06,
    1e-06,
    1e-06,
    1e-06,
    1e-06,
    1e-06,
    1e-06,
    1e-06,
    1e-06,
    1e-06,
    1e-06,
    1e-06,
    1e-06,
    1e-06,
    1e-06,
    1e-06,
    1e-06,
    1e-06,
    1e-06,
    1e-06,
    1e-06,
    1e-06,
    1e-06,
    1e-06,
    1e-06,
    1e-06,
    1e-06,
    1e-06,
    1e-06,
    1e-06,
    1e-06,
    1e-06,
    1e-06,
    1e-06,
    1e-06,
    1e-06,
    1e-06,
    1e-06,
    1e-06,
    1e-06,
    1e-06,
    1e-06,
    1e-06,
    1e-06,
    1e-06,
    1e-06,
    1e-06,
    1e-06,
    1e-06,
    1e-06,
    1e-06,
    1e-06,
    1e-06,
    1e-06,
    1e-06,
    1e-06,
    1e-06,
    1e-06,
    1e-06,
    1e-06,
    1e-06,
    1e-06,
    1e-06,
    1e-06,
    1e-06,
    1e-06,
    1e-06,
    1e-06,
    1e-06,
    1e-06,
    1e-06,
    1e-06,
    1e-06,
    1e-06,
    1e-06,
    1e-06,
    1e-06,
    1e-06,
    1e-06,
    1e-06,
    1e-06,
    1e-06,
    1e-06,
    1e-06,
    1e-06,
    1e-06,
    1e-06,
    1e-06,
    1e-06,
    1e-06,
    1e-06
  ],
  "threshold": 0.40762039180404924,
  "metadata": {
    "feature_dim": 112
  }
}