{
  "mass_scale": 3.00348959632e-06,
  "position_scale": 0.9600497054153545,
  "velocity_scale": 0.016307528752080316,
  "target_scale": 1e-08
}