{
  "centroid": [
    3.334999999999998e-19,
    0.9200150478100061,
    0.21001589686834468,
    0.02000365526497427,
    -0.004303279282698825,
    0.015401749153518352,
    -0.001098897675596695,
    3.0034895963199947e-06,
    1.0000310898629179,
    1.689001245041189e-05,
    -6.47134183275462e-06,
    -2.0921376227190668e-06,
    0.017203294628127093,
    -8.451937698547625e-08,
    1.0,
    -3.0035829744001314e-06,
    -5.07289767465677e-11,
    1.943660786223768e-11,
    6.283713585341521e-12,
    -5.1669916438012594e-08,
    2.538530698298089e-13,
    0.0,
    0.0,
    0.0,
    0.0,
    0.0,
    0.0,
    0.0,
    0.0,
    0.0,
    0.0,
    0.0,
    0.0,
    0.0,
    0.0,
    0.0,
    0.0,
    0.0,
    0.0,
    0.0,
    0.0,
    0.0,
    0.0,
    0.0,
    0.0,
    0.0,
    0.0,
    0.0,
    0.0,
    0.0,
    0.0,
    0.0,
    0.0,
    0.0,
    0.0,
    0.0,
    0.0,
    0.0,
    0.0,
    0.0,
    0.0,
    0.0,
    0.0,
    0.0,
    0.0,
    0.0,
    0.0,
    0.0,
    0.0,
    0.0,
    0.0,
    0.0,
    0.0,
    0.0,
    0.0,
    0.0,
    0.0,
    0.0,
    0.0,
    0.0,
    0.0,
    0.0,
    0.0,
    0.0,
    0.0,
    0.0,
    0.0,
    0.0,
    0.0,
    0.0,
    0.0,
    0.0,
    0.0,
    0.0,
    0.0,
    0.0,
    0.0,
    0.0,
    0.0,
    0.0,
    0.0,
    0.0,
    0.0,
    0.0,
    0.0,
    0.0,
    0.0,
    0.0,
    0.0,
    0.0,
    0.0,
    0.0
  ],
  "variance": [
    1e-06,
    1.0191854707732953e-06,
    1.0182018275484246e-06,
    1.0128964633788605e-06,
    1.000158245133222e-06,
    1.0001709086595393e-06,
    1.0002091309950327e-06,
    1e-06,
    1.0175420248676203e-06,
    1.0133152125864314e-06,
    1.0184435968733143e-06,
    1.0001959587267131e-06,
    1.0002465419301927e-06,
    1.000178429628276e-06,
    1e-06,
    1.0000000000001581e-06,
    1.00000000000012e-06,
    1.0000000000001664e-06,
    1.0000000000000016e-06,
    1.0000000000000023e-06,
    1.0000000000000016e-06,
    1e-06,
    1e-06,
    1e-06,
    1e-06,
    1e-06,
    1e-06,
    1e-06,
    1e-06,
    1e-06,
    1e-06,
    1e-06,
    1e-06,
    1e-06,
    1e-06,
    1e-06,
    1e-06,
    1e-06,
    1e-06,
    1e-06,
    1e-06,
    1e-06,
    1e-06,
    1e-06,
    1e-06,
    1e-06,
    1e-06,
    1e-06,
    1e-06,
    1e-06,
    1e-06,
    1e-06,
    1e-06,
    1e-06,
    1e-06,
    1e-06,
    1e-06,
    1e-06,
    1e-06,
    1e-06,
    1e-06,
    1e-06,
    1e-06,
    1e-06,
    1e-06,
    1e-06,
    1e-06,
    1e-06,
    1e-06,
    1e-06,
    1e-06,
    1e-06,
    1e-06,
    1e-06,
    1e-06,
    1e-06,
    1e-06,
    1e-06,
    1e-06,
    1e-06,
    1e-06,
    1e-06,
    1e-06,
    1e-06,
    1e-06,
    1e-06,
    1e-06,
    1e-06,
    1e-06,
    1e-06,
    1e-06,
    1e-06,
    1e-06,
    1e-06,
    1e-06,
    1e-06,
    1e-06,
    1e-06,
    1e-06,
    1e-06,
    1e-06,
    1e-06,
    1e-06,
    1e-06,
    1e-06,
    1e-06,
    1e-06,
    1e-06,
    1e-06,
    1e-06,
    1e-06,
    1e-06
  ],
  "threshold": 0.043178759902796036,
  "metadata": {
    "feature_dim": 112
  }
}