{
  "mass_scale": 7.2161177655458655e-06,
  "position_scale": 1.4285681146773033,
  "velocity_scale": 0.009850837907045393,
  "target_scale": 1.2459379000847651e-08
}