{
  "mass_scale": 3.00348959632e-06,
  "position_scale": 0.9998426505516758,
  "velocity_scale": 0.01718137197696378,
  "target_scale": 1e-08
}